age,fare,embarked,sex,pclass,body,cabin,survived
29.0,211.3375,S,female,1.0,,B5,1
0.9167,151.55,S,male,1.0,,C22 C26,1
2.0,151.55,S,female,1.0,,C22 C26,0
30.0,151.55,S,male,1.0,135.0,C22 C26,0
25.0,151.55,S,female,1.0,,C22 C26,0
48.0,26.55,S,male,1.0,,E12,1
63.0,77.9583,S,female,1.0,,D7,1
39.0,0.0,S,male,1.0,,A36,0
53.0,51.4792,S,female,1.0,,C101,1
71.0,49.5042,C,male,1.0,22.0,,0
47.0,227.525,C,male,1.0,124.0,C62 C64,0
18.0,227.525,C,female,1.0,,C62 C64,1
24.0,69.3,C,female,1.0,,B35,1
26.0,78.85,S,female,1.0,,,1
80.0,30.0,S,male,1.0,,A23,1
,25.925,S,male,1.0,,,0
24.0,247.5208,C,male,1.0,,B58 B60,0
50.0,247.5208,C,female,1.0,,B58 B60,1
32.0,76.2917,C,female,1.0,,D15,1
36.0,75.2417,C,male,1.0,,C6,0
37.0,52.5542,S,male,1.0,,D35,1
47.0,52.5542,S,female,1.0,,D35,1
26.0,30.0,C,male,1.0,,C148,1
42.0,227.525,C,female,1.0,,,1
29.0,221.7792,S,female,1.0,,C97,1
25.0,26.0,C,male,1.0,148.0,,0
25.0,91.0792,C,male,1.0,,B49,1
19.0,91.0792,C,female,1.0,,B49,1
35.0,135.6333,S,female,1.0,,C99,1
28.0,26.55,S,male,1.0,,C52,1
45.0,35.5,S,male,1.0,,T,0
40.0,31.0,C,male,1.0,,A31,1
30.0,164.8667,S,female,1.0,,C7,1
58.0,26.55,S,female,1.0,,C103,1
42.0,26.55,S,male,1.0,,D22,0
45.0,262.375,C,female,1.0,,,1
22.0,55.0,S,female,1.0,,E33,1
,26.55,S,male,1.0,,,1
41.0,30.5,S,male,1.0,,A21,0
48.0,50.4958,C,male,1.0,208.0,B10,0
,39.6,C,male,1.0,,,0
44.0,27.7208,C,female,1.0,,B4,1
59.0,51.4792,S,female,1.0,,C101,1
60.0,76.2917,C,female,1.0,,D15,1
41.0,134.5,C,female,1.0,,E40,1
45.0,26.55,S,male,1.0,,B38,0
,31.0,S,male,1.0,,,0
42.0,26.2875,S,male,1.0,,E24,1
53.0,27.4458,C,female,1.0,,,1
36.0,512.3292,C,male,1.0,,B51 B53 B55,1
58.0,512.3292,C,female,1.0,,B51 B53 B55,1
33.0,5.0,S,male,1.0,,B51 B53 B55,0
28.0,47.1,S,male,1.0,,,0
17.0,47.1,S,male,1.0,,,0
11.0,120.0,S,male,1.0,,B96 B98,1
14.0,120.0,S,female,1.0,,B96 B98,1
36.0,120.0,S,male,1.0,,B96 B98,1
36.0,120.0,S,female,1.0,,B96 B98,1
49.0,26.0,S,male,1.0,,,0
,27.7208,C,female,1.0,,,1
36.0,78.85,S,male,1.0,172.0,C46,0
76.0,78.85,S,female,1.0,,C46,1
46.0,61.175,S,male,1.0,,E31,0
47.0,61.175,S,female,1.0,,E31,1
27.0,53.1,S,male,1.0,,E8,1
33.0,53.1,S,female,1.0,,E8,1
36.0,262.375,C,female,1.0,,B61,1
30.0,86.5,S,female,1.0,,B77,1
45.0,29.7,C,male,1.0,,A9,1
,55.0,S,female,1.0,,E33,1
,0.0,S,male,1.0,,,0
27.0,136.7792,C,male,1.0,,C89,0
26.0,136.7792,C,female,1.0,,C89,1
22.0,151.55,S,female,1.0,,,1
,52.0,S,male,1.0,,A14,0
47.0,25.5875,S,male,1.0,,E58,0
39.0,83.1583,C,female,1.0,,E49,1
37.0,83.1583,C,male,1.0,,E52,0
64.0,83.1583,C,female,1.0,,E45,1
55.0,25.7,S,female,1.0,,C101,1
,26.55,S,male,1.0,,,0
70.0,71.0,S,male,1.0,269.0,B22,0
36.0,71.0,S,female,1.0,,B22,1
64.0,26.55,S,female,1.0,,B26,1
39.0,71.2833,C,male,1.0,,C85,0
38.0,71.2833,C,female,1.0,,C85,1
51.0,26.55,S,male,1.0,,E17,1
27.0,30.5,S,male,1.0,,,1
33.0,151.55,S,female,1.0,,,1
31.0,52.0,S,male,1.0,,B71,0
27.0,52.0,S,female,1.0,,B71,1
31.0,57.0,S,male,1.0,,B20,1
17.0,57.0,S,female,1.0,,B20,1
53.0,81.8583,S,male,1.0,,A34,1
4.0,81.8583,S,male,1.0,,A34,1
54.0,81.8583,S,female,1.0,,A34,1
50.0,106.425,C,male,1.0,62.0,C86,0
27.0,247.5208,C,female,1.0,,B58 B60,1
48.0,106.425,C,female,1.0,,C86,1
48.0,39.6,C,female,1.0,,A16,1
49.0,56.9292,C,male,1.0,,A20,1
39.0,29.7,C,male,1.0,133.0,A18,0
23.0,83.1583,C,female,1.0,,C54,1
38.0,227.525,C,female,1.0,,C45,1
54.0,78.2667,C,female,1.0,,D20,1
36.0,31.6792,C,female,1.0,,A29,0
,221.7792,S,male,1.0,,C95,0
,31.6833,S,female,1.0,,,1
,110.8833,C,female,1.0,,,1
36.0,26.3875,S,male,1.0,,E25,1
30.0,27.75,C,male,1.0,,C111,0
24.0,263.0,S,female,1.0,,C23 C25 C27,1
28.0,263.0,S,female,1.0,,C23 C25 C27,1
23.0,263.0,S,female,1.0,,C23 C25 C27,1
19.0,263.0,S,male,1.0,,C23 C25 C27,0
64.0,263.0,S,male,1.0,,C23 C25 C27,0
60.0,263.0,S,female,1.0,,C23 C25 C27,1
30.0,56.9292,C,female,1.0,,E36,1
,26.55,S,male,1.0,,D34,0
50.0,133.65,S,male,1.0,,,1
43.0,27.7208,C,male,1.0,,D40,1
,133.65,S,female,1.0,,,1
22.0,49.5,C,female,1.0,,B39,1
60.0,79.2,C,male,1.0,,B41,1
48.0,79.2,C,female,1.0,,B41,1
,0.0,S,male,1.0,,B102,0
37.0,53.1,S,male,1.0,,C123,0
35.0,53.1,S,female,1.0,,C123,1
47.0,38.5,S,male,1.0,275.0,E63,0
35.0,211.5,C,female,1.0,,C130,1
22.0,59.4,C,female,1.0,,,1
45.0,59.4,C,female,1.0,,,1
24.0,79.2,C,male,1.0,,B86,0
49.0,89.1042,C,male,1.0,,C92,1
,89.1042,C,female,1.0,,C92,1
71.0,34.6542,C,male,1.0,,A5,0
53.0,28.5,C,male,1.0,,C51,1
19.0,30.0,S,female,1.0,,B42,1
38.0,153.4625,S,male,1.0,147.0,C91,0
58.0,153.4625,S,female,1.0,,C125,1
23.0,63.3583,C,male,1.0,,D10 D12,1
45.0,63.3583,C,female,1.0,,D10 D12,1
46.0,79.2,C,male,1.0,,B82 B84,0
25.0,55.4417,C,male,1.0,,E50,1
25.0,55.4417,C,female,1.0,,E50,1
48.0,76.7292,C,male,1.0,,D33,1
49.0,76.7292,C,female,1.0,,D33,1
,42.4,S,male,1.0,,,0
45.0,83.475,S,male,1.0,,C83,0
35.0,83.475,S,female,1.0,,C83,1
40.0,0.0,S,male,1.0,110.0,B94,0
27.0,76.7292,C,male,1.0,,D49,1
,30.0,S,male,1.0,,D45,1
24.0,83.1583,C,female,1.0,,C54,1
55.0,93.5,S,male,1.0,307.0,B69,0
52.0,93.5,S,female,1.0,,B69,1
42.0,42.5,S,male,1.0,,B11,0
,51.8625,S,male,1.0,,E46,0
55.0,50.0,S,male,1.0,,C39,0
16.0,57.9792,C,female,1.0,,B18,1
44.0,57.9792,C,female,1.0,,B18,1
51.0,77.9583,S,female,1.0,,D11,1
42.0,52.0,S,male,1.0,38.0,,0
35.0,52.0,S,female,1.0,,,1
35.0,26.55,C,male,1.0,,,1
38.0,90.0,S,male,1.0,,C93,1
,30.6958,C,male,1.0,,,0
35.0,90.0,S,female,1.0,,C93,1
38.0,80.0,,female,1.0,,B28,1
50.0,28.7125,C,female,1.0,,C49,0
49.0,0.0,S,male,1.0,,B52 B54 B56,1
46.0,26.0,S,male,1.0,80.0,,0
50.0,26.0,S,male,1.0,,E60,0
32.5,211.5,C,male,1.0,45.0,C132,0
58.0,29.7,C,male,1.0,258.0,B37,0
41.0,51.8625,S,male,1.0,,D21,0
,51.8625,S,female,1.0,,D21,1
42.0,52.5542,S,male,1.0,,D19,1
45.0,52.5542,S,female,1.0,,D19,1
,26.55,S,male,1.0,,C124,0
39.0,211.3375,S,female,1.0,,,1
49.0,25.9292,S,female,1.0,,D17,1
30.0,106.425,C,female,1.0,,,1
35.0,512.3292,C,male,1.0,,B101,1
,27.7208,C,male,1.0,,,0
42.0,26.55,S,male,1.0,,,0
55.0,27.7208,C,female,1.0,,,1
16.0,39.4,S,female,1.0,,D28,1
51.0,39.4,S,female,1.0,,D28,1
29.0,30.0,S,male,1.0,126.0,D6,0
21.0,77.9583,S,female,1.0,,D9,1
30.0,45.5,S,male,1.0,,,0
58.0,146.5208,C,female,1.0,,B80,1
15.0,211.3375,S,female,1.0,,B5,1
30.0,26.0,S,male,1.0,,C106,0
16.0,86.5,S,female,1.0,,B79,1
,29.7,C,male,1.0,,C47,1
19.0,53.1,S,male,1.0,,D30,0
18.0,53.1,S,female,1.0,,D30,1
24.0,49.5042,C,female,1.0,,C90,1
46.0,75.2417,C,male,1.0,292.0,C6,0
54.0,51.8625,S,male,1.0,175.0,E46,0
36.0,26.2875,S,male,1.0,,E25,1
28.0,82.1708,C,male,1.0,,,0
,82.1708,C,female,1.0,,,1
65.0,26.55,S,male,1.0,249.0,E38,0
44.0,90.0,Q,male,1.0,230.0,C78,0
33.0,90.0,Q,female,1.0,,C78,1
37.0,90.0,Q,female,1.0,,C78,1
30.0,57.75,C,male,1.0,,C78,1
55.0,30.5,S,male,1.0,,C30,0
47.0,42.4,S,male,1.0,,,0
37.0,29.7,C,male,1.0,,C118,0
31.0,113.275,C,female,1.0,,D36,1
23.0,113.275,C,female,1.0,,D36,1
58.0,113.275,C,male,1.0,122.0,D48,0
19.0,26.2833,S,female,1.0,,D47,1
64.0,26.0,S,male,1.0,263.0,,0
39.0,108.9,C,female,1.0,,C105,1
,25.7417,C,male,1.0,,,1
22.0,61.9792,C,female,1.0,,B36,1
65.0,61.9792,C,male,1.0,234.0,B30,0
28.5,27.7208,C,male,1.0,189.0,D43,0
,0.0,S,male,1.0,,,0
45.5,28.5,S,male,1.0,166.0,C124,0
23.0,93.5,S,male,1.0,,B24,0
29.0,66.6,S,male,1.0,,C2,0
22.0,66.6,S,female,1.0,,C2,1
18.0,108.9,C,male,1.0,,C65,0
17.0,108.9,C,female,1.0,,C65,1
30.0,93.5,S,female,1.0,,B73,1
52.0,30.5,S,male,1.0,,C104,1
47.0,52.0,S,male,1.0,207.0,C110,0
56.0,83.1583,C,female,1.0,,C50,1
38.0,0.0,S,male,1.0,,,0
,39.6,S,male,1.0,,,1
22.0,135.6333,C,male,1.0,232.0,,0
,227.525,C,male,1.0,,,0
43.0,211.3375,S,female,1.0,,B3,1
31.0,50.4958,S,male,1.0,,A24,0
45.0,26.55,S,male,1.0,,,1
,50.0,S,male,1.0,,A32,0
33.0,27.7208,C,female,1.0,,A11,1
46.0,79.2,C,male,1.0,16.0,,0
36.0,40.125,C,male,1.0,,A10,0
33.0,86.5,S,female,1.0,,B77,1
55.0,59.4,C,male,1.0,,,0
54.0,59.4,C,female,1.0,,,1
33.0,26.55,S,male,1.0,109.0,,0
13.0,262.375,C,male,1.0,,B57 B59 B63 B66,1
18.0,262.375,C,female,1.0,,B57 B59 B63 B66,1
21.0,262.375,C,female,1.0,,B57 B59 B63 B66,1
61.0,262.375,C,male,1.0,,B57 B59 B63 B66,0
48.0,262.375,C,female,1.0,,B57 B59 B63 B66,1
,30.5,S,male,1.0,,C106,1
24.0,69.3,C,female,1.0,,B35,1
,26.0,S,male,1.0,,,1
35.0,57.75,C,female,1.0,,C28,1
30.0,31.0,C,female,1.0,,,1
34.0,26.55,S,male,1.0,,,1
40.0,153.4625,S,female,1.0,,C125,1
35.0,26.2875,S,male,1.0,,E24,1
50.0,55.9,S,male,1.0,,E44,0
39.0,55.9,S,female,1.0,,E44,1
56.0,35.5,C,male,1.0,,A26,1
28.0,35.5,S,male,1.0,,A6,1
56.0,26.55,S,male,1.0,,,0
56.0,30.6958,C,male,1.0,,A7,0
24.0,60.0,S,male,1.0,,C31,0
,26.0,S,male,1.0,,A19,0
18.0,60.0,S,female,1.0,,C31,1
24.0,82.2667,S,male,1.0,,B45,1
23.0,82.2667,S,female,1.0,,B45,1
6.0,134.5,C,male,1.0,,E34,1
45.0,134.5,C,male,1.0,,E34,1
40.0,134.5,C,female,1.0,,E34,1
57.0,146.5208,C,male,1.0,,B78,0
,146.5208,C,female,1.0,,B78,1
32.0,30.5,C,male,1.0,,B50,1
62.0,26.55,S,male,1.0,,C87,0
54.0,55.4417,C,male,1.0,,C116,1
43.0,55.4417,C,female,1.0,,C116,1
52.0,78.2667,C,female,1.0,,D20,1
,27.7208,C,male,1.0,,,0
62.0,80.0,,female,1.0,,B28,1
67.0,221.7792,S,male,1.0,96.0,C55 C57,0
63.0,221.7792,S,female,1.0,,C55 C57,0
61.0,32.3208,S,male,1.0,46.0,D50,0
48.0,25.9292,S,female,1.0,,D17,1
18.0,79.65,S,female,1.0,,E68,1
52.0,79.65,S,male,1.0,,E67,0
39.0,79.65,S,female,1.0,,E67,1
48.0,52.0,S,male,1.0,,C126,1
,52.0,S,female,1.0,,C126,1
49.0,110.8833,C,male,1.0,,C68,0
17.0,110.8833,C,male,1.0,,C70,1
39.0,110.8833,C,female,1.0,,C68,1
,79.2,C,female,1.0,,,1
31.0,28.5375,C,male,1.0,,C53,1
40.0,27.7208,C,male,1.0,,,0
61.0,33.5,S,male,1.0,245.0,B19,0
47.0,34.0208,S,male,1.0,,D46,0
35.0,512.3292,C,female,1.0,,,1
64.0,75.25,C,male,1.0,,D37,0
60.0,75.25,C,female,1.0,,D37,1
60.0,26.55,S,male,1.0,,,0
54.0,77.2875,S,male,1.0,,D26,0
21.0,77.2875,S,male,1.0,169.0,D26,0
55.0,135.6333,C,female,1.0,,C32,1
31.0,164.8667,S,female,1.0,,C7,1
57.0,164.8667,S,male,1.0,,,0
45.0,164.8667,S,female,1.0,,,1
50.0,211.5,C,male,1.0,,C80,0
27.0,211.5,C,male,1.0,,C82,0
50.0,211.5,C,female,1.0,,C80,1
21.0,26.55,S,female,1.0,,,1
51.0,61.3792,C,male,1.0,,,0
21.0,61.3792,C,male,1.0,,,1
,35.0,S,male,1.0,,C128,0
31.0,134.5,C,female,1.0,,E39 E41,1
,35.5,S,male,1.0,,C52,1
62.0,26.55,S,male,1.0,,,0
36.0,135.6333,C,female,1.0,,C32,1
30.0,24.0,C,male,2.0,,,0
28.0,24.0,C,female,2.0,,,1
30.0,13.0,S,male,2.0,,,0
18.0,11.5,S,male,2.0,,,0
25.0,10.5,S,male,2.0,,,0
34.0,26.0,S,male,2.0,,,0
36.0,26.0,S,female,2.0,,,1
57.0,13.0,S,male,2.0,,,0
18.0,11.5,S,male,2.0,,,0
23.0,10.5,S,male,2.0,,,0
36.0,13.0,S,female,2.0,,D,1
28.0,10.5,S,male,2.0,,,0
51.0,12.525,S,male,2.0,174.0,,0
32.0,26.0,S,male,2.0,,,1
19.0,26.0,S,female,2.0,,,1
28.0,26.0,S,male,2.0,,,0
1.0,39.0,S,male,2.0,,F4,1
4.0,39.0,S,female,2.0,,F4,1
12.0,39.0,S,female,2.0,,F4,1
36.0,39.0,S,female,2.0,,F4,1
34.0,13.0,S,male,2.0,,D56,1
19.0,13.0,S,female,2.0,,,1
23.0,13.0,S,male,2.0,,,0
26.0,13.0,S,male,2.0,,,0
42.0,13.0,S,male,2.0,,,0
27.0,13.0,S,male,2.0,,,0
24.0,13.0,S,female,2.0,,F33,1
15.0,39.0,S,female,2.0,,,1
60.0,39.0,S,male,2.0,,,0
40.0,39.0,S,female,2.0,,,1
20.0,26.0,S,female,2.0,,,1
25.0,26.0,S,male,2.0,,,0
36.0,13.0,S,female,2.0,,,1
25.0,13.0,S,male,2.0,97.0,,0
42.0,13.0,S,male,2.0,,,0
42.0,13.0,S,female,2.0,,,1
0.8333,29.0,S,male,2.0,,,1
26.0,29.0,S,male,2.0,,,1
22.0,29.0,S,female,2.0,,,1
35.0,21.0,S,female,2.0,,,1
,0.0,S,male,2.0,,,0
19.0,13.0,S,male,2.0,18.0,,0
44.0,26.0,S,female,2.0,,,0
54.0,26.0,S,male,2.0,,,0
52.0,13.5,S,male,2.0,130.0,,0
37.0,26.0,S,male,2.0,17.0,,0
29.0,26.0,S,female,2.0,,,0
25.0,30.0,S,female,2.0,,,1
45.0,30.0,S,female,2.0,,,1
29.0,26.0,S,male,2.0,,,0
28.0,26.0,S,female,2.0,,,1
29.0,10.5,S,male,2.0,,,0
28.0,13.0,S,male,2.0,,,0
24.0,10.5,S,male,2.0,,,1
8.0,26.25,S,female,2.0,,,1
31.0,26.25,S,male,2.0,,,0
31.0,26.25,S,female,2.0,,,1
22.0,10.5,S,female,2.0,,F33,1
30.0,13.0,S,female,2.0,,,0
,21.0,S,female,2.0,,,0
21.0,11.5,S,male,2.0,,,0
,0.0,S,male,2.0,,,0
8.0,36.75,S,male,2.0,,,1
18.0,73.5,S,male,2.0,,,0
48.0,36.75,S,female,2.0,,,1
28.0,13.0,S,female,2.0,,,1
32.0,13.0,S,male,2.0,,,0
17.0,73.5,S,male,2.0,,,0
29.0,27.7208,C,male,2.0,295.0,,0
24.0,27.7208,C,female,2.0,,,1
25.0,31.5,S,male,2.0,,,0
18.0,73.5,S,male,2.0,,,0
18.0,23.0,S,female,2.0,,,1
34.0,23.0,S,female,2.0,,,1
54.0,26.0,S,male,2.0,,,0
8.0,32.5,S,male,2.0,,,1
42.0,32.5,S,male,2.0,,,0
34.0,32.5,S,female,2.0,,,1
27.0,13.8583,C,female,2.0,,,1
30.0,13.8583,C,female,2.0,,,1
23.0,13.0,S,male,2.0,,,0
21.0,13.0,S,male,2.0,,,0
18.0,13.0,S,male,2.0,,,0
40.0,26.0,S,male,2.0,286.0,,0
29.0,26.0,S,female,2.0,,,1
18.0,10.5,S,male,2.0,,,0
36.0,13.0,S,male,2.0,236.0,,0
,0.0,S,male,2.0,,,0
38.0,13.0,S,female,2.0,,,0
35.0,26.0,S,male,2.0,322.0,,0
38.0,21.0,S,male,2.0,,,0
34.0,21.0,S,male,2.0,,,0
34.0,13.0,S,female,2.0,,,1
16.0,26.0,S,male,2.0,,,0
26.0,10.5,S,male,2.0,,,0
47.0,10.5,S,male,2.0,,,0
21.0,11.5,S,male,2.0,,,0
21.0,11.5,S,male,2.0,,,0
24.0,13.5,S,male,2.0,297.0,,0
24.0,13.0,S,male,2.0,155.0,,0
34.0,13.0,S,male,2.0,,,0
30.0,13.0,S,male,2.0,305.0,,0
52.0,13.0,S,male,2.0,19.0,,0
30.0,13.0,S,male,2.0,75.0,,0
0.6667,14.5,S,male,2.0,,,1
24.0,14.5,S,female,2.0,,,1
44.0,13.0,S,male,2.0,35.0,,0
6.0,33.0,S,female,2.0,,,1
28.0,33.0,S,male,2.0,,,0
62.0,10.5,S,male,2.0,,,1
30.0,10.5,S,male,2.0,,,0
7.0,26.25,S,female,2.0,,,1
43.0,26.25,S,male,2.0,,,0
45.0,26.25,S,female,2.0,,,1
24.0,65.0,S,female,2.0,,,1
24.0,65.0,S,female,2.0,,,1
49.0,65.0,S,male,2.0,,,0
48.0,65.0,S,female,2.0,,,1
55.0,16.0,S,female,2.0,,,1
24.0,73.5,S,male,2.0,,,0
32.0,73.5,S,male,2.0,256.0,,0
21.0,73.5,S,male,2.0,,,0
18.0,13.0,S,female,2.0,,,0
20.0,23.0,S,female,2.0,,,1
23.0,11.5,S,male,2.0,,,0
36.0,13.0,S,male,2.0,,,0
54.0,23.0,S,female,2.0,,,1
50.0,13.0,S,male,2.0,149.0,,0
44.0,26.0,S,male,2.0,,,0
29.0,26.0,S,female,2.0,,,1
21.0,73.5,S,male,2.0,,,0
42.0,13.0,S,male,2.0,,,1
63.0,26.0,S,male,2.0,,,0
60.0,26.0,S,female,2.0,,,0
33.0,12.275,S,male,2.0,,,0
17.0,10.5,S,female,2.0,,,1
42.0,27.0,S,male,2.0,,,0
24.0,27.0,S,female,2.0,,,1
47.0,15.0,S,male,2.0,,,0
24.0,31.5,S,male,2.0,,,0
22.0,31.5,S,male,2.0,,,0
32.0,10.5,S,male,2.0,,,0
23.0,13.7917,C,female,2.0,,D,1
34.0,26.0,S,male,2.0,283.0,,0
24.0,26.0,S,female,2.0,,,1
22.0,21.0,S,female,2.0,,,0
,12.35,Q,female,2.0,,E101,1
35.0,12.35,Q,male,2.0,,,0
45.0,13.5,S,female,2.0,,,1
57.0,12.35,Q,male,2.0,,,0
,0.0,S,male,2.0,,,0
31.0,10.5,S,male,2.0,165.0,,0
26.0,26.0,S,female,2.0,,,0
30.0,26.0,S,male,2.0,,,0
,10.7083,Q,male,2.0,,,0
1.0,41.5792,C,female,2.0,,,1
3.0,41.5792,C,female,2.0,,,1
25.0,41.5792,C,male,2.0,,,0
22.0,41.5792,C,female,2.0,,,1
17.0,12.0,C,female,2.0,,,1
,33.0,S,female,2.0,,,1
34.0,10.5,S,female,2.0,,F33,1
36.0,12.875,C,male,2.0,,D,0
24.0,10.5,S,male,2.0,108.0,,0
61.0,12.35,Q,male,2.0,,,0
50.0,26.0,S,male,2.0,121.0,,0
42.0,26.0,S,female,2.0,,,1
57.0,10.5,S,female,2.0,52.0,E77,0
,15.0458,C,male,2.0,,D,0
1.0,37.0042,C,male,2.0,,,1
31.0,37.0042,C,male,2.0,,,0
24.0,37.0042,C,female,2.0,,,1
,15.5792,C,male,2.0,,,0
30.0,13.0,S,male,2.0,,,0
40.0,16.0,S,male,2.0,,,0
32.0,13.5,S,male,2.0,209.0,,0
30.0,13.0,S,male,2.0,,,0
46.0,26.0,S,male,2.0,,,0
13.0,19.5,S,female,2.0,,,1
41.0,19.5,S,female,2.0,,,1
19.0,10.5,S,male,2.0,,,1
39.0,13.0,S,male,2.0,,,0
48.0,13.0,S,male,2.0,271.0,,0
70.0,10.5,S,male,2.0,,,0
27.0,13.0,S,male,2.0,,,0
54.0,14.0,S,male,2.0,,,0
39.0,26.0,S,male,2.0,,,0
16.0,10.5,S,male,2.0,,,0
62.0,9.6875,Q,male,2.0,,,0
32.5,30.0708,C,male,2.0,43.0,,0
14.0,30.0708,C,female,2.0,,,1
2.0,26.0,S,male,2.0,,F2,1
3.0,26.0,S,male,2.0,,F2,1
36.5,26.0,S,male,2.0,15.0,F2,0
26.0,13.0,S,male,2.0,,F2,0
19.0,36.75,S,male,2.0,101.0,,0
28.0,13.5,S,male,2.0,287.0,,0
20.0,13.8625,C,male,2.0,,D38,1
29.0,10.5,S,female,2.0,,F33,1
39.0,13.0,S,male,2.0,,,0
22.0,10.5,S,male,2.0,,,1
,13.8625,C,male,2.0,,,1
23.0,10.5,S,male,2.0,,,0
29.0,13.8583,C,male,2.0,,,1
28.0,10.5,S,male,2.0,,,0
,0.0,S,male,2.0,,,0
50.0,26.0,S,female,2.0,,,1
19.0,10.5,S,male,2.0,,,0
,15.05,C,male,2.0,,,0
41.0,13.0,S,male,2.0,,,0
21.0,21.0,S,female,2.0,,,1
19.0,26.0,S,female,2.0,,,1
43.0,21.0,S,male,2.0,,,0
32.0,13.0,S,female,2.0,,,1
34.0,13.0,S,male,2.0,,,0
30.0,12.7375,C,male,2.0,,,1
27.0,15.0333,C,male,2.0,,,0
2.0,26.0,S,female,2.0,,,1
8.0,26.0,S,female,2.0,,,1
33.0,26.0,S,female,2.0,,,1
36.0,10.5,S,male,2.0,,,0
34.0,21.0,S,male,2.0,,,0
30.0,21.0,S,female,2.0,,,1
28.0,13.0,S,female,2.0,,,1
23.0,15.0458,C,male,2.0,,,0
0.8333,18.75,S,male,2.0,,,1
3.0,18.75,S,male,2.0,,,1
24.0,18.75,S,female,2.0,,,1
50.0,10.5,S,female,2.0,,,1
19.0,10.5,S,male,2.0,,,0
21.0,10.5,S,female,2.0,,,1
26.0,13.0,S,male,2.0,,,0
25.0,13.0,S,male,2.0,,,0
27.0,26.0,S,male,2.0,,,0
25.0,26.0,S,female,2.0,,,1
18.0,13.0,S,female,2.0,,,1
20.0,36.75,S,female,2.0,,,1
30.0,13.0,S,female,2.0,,,1
59.0,13.5,S,male,2.0,,,0
30.0,12.35,Q,female,2.0,,,1
35.0,10.5,S,male,2.0,,,0
40.0,13.0,S,female,2.0,,,1
25.0,13.0,S,male,2.0,,,0
41.0,15.0458,C,male,2.0,,,0
25.0,10.5,S,male,2.0,81.0,,0
18.5,13.0,S,male,2.0,294.0,F,0
14.0,65.0,S,male,2.0,,,0
50.0,10.5,S,female,2.0,,,1
23.0,13.0,S,male,2.0,,,0
28.0,12.65,S,female,2.0,,,1
27.0,10.5,S,female,2.0,,E101,1
29.0,21.0,S,male,2.0,,,0
27.0,21.0,S,female,2.0,,,0
40.0,13.0,S,male,2.0,,,0
31.0,21.0,S,female,2.0,,,1
30.0,21.0,S,male,2.0,,,0
23.0,10.5,S,male,2.0,,,0
31.0,21.0,S,female,2.0,,,1
,0.0,S,male,2.0,,,0
12.0,15.75,S,female,2.0,,,1
40.0,15.75,S,female,2.0,,,1
32.5,13.0,S,female,2.0,,E101,1
27.0,26.0,S,male,2.0,293.0,,0
29.0,26.0,S,female,2.0,,,1
2.0,23.0,S,male,2.0,,,1
4.0,23.0,S,female,2.0,,,1
29.0,23.0,S,female,2.0,,,1
0.9167,27.75,S,female,2.0,,,1
5.0,27.75,S,female,2.0,,,1
36.0,27.75,S,male,2.0,,,0
33.0,27.75,S,female,2.0,,,1
66.0,10.5,S,male,2.0,,,0
,12.875,S,male,2.0,,,0
31.0,13.0,S,male,2.0,,,1
,13.0,S,male,2.0,,,1
26.0,13.5,S,female,2.0,,,1
24.0,13.0,S,female,2.0,,,0
42.0,7.55,S,male,3.0,,,0
13.0,20.25,S,male,3.0,,,0
16.0,20.25,S,male,3.0,190.0,,0
35.0,20.25,S,female,3.0,,,1
16.0,7.65,S,female,3.0,,,1
25.0,7.65,S,male,3.0,,F G63,1
20.0,7.925,S,male,3.0,,,1
18.0,7.2292,C,female,3.0,,,1
30.0,7.25,S,male,3.0,72.0,,0
26.0,8.05,S,male,3.0,103.0,,0
40.0,9.475,S,female,3.0,,,0
0.8333,9.35,S,male,3.0,,,1
18.0,9.35,S,female,3.0,,,1
26.0,18.7875,C,male,3.0,,,1
26.0,7.8875,S,male,3.0,,,0
20.0,7.925,S,male,3.0,,,0
24.0,7.05,S,male,3.0,,,0
25.0,7.05,S,male,3.0,79.0,,0
35.0,8.05,S,male,3.0,,,0
18.0,8.3,S,male,3.0,259.0,,0
32.0,22.525,S,male,3.0,260.0,,0
19.0,7.8542,S,female,3.0,,,1
4.0,31.275,S,male,3.0,,,0
6.0,31.275,S,female,3.0,,,0
2.0,31.275,S,female,3.0,,,0
17.0,7.925,S,female,3.0,,,1
38.0,7.775,S,female,3.0,,,0
9.0,31.275,S,female,3.0,,,0
11.0,31.275,S,female,3.0,,,0
39.0,31.275,S,male,3.0,,,0
27.0,7.7958,S,male,3.0,,,1
26.0,7.775,S,male,3.0,,,0
39.0,31.275,S,female,3.0,,,0
20.0,7.8542,S,male,3.0,,,0
26.0,7.8958,S,male,3.0,,,0
25.0,17.8,S,male,3.0,,,0
18.0,17.8,S,female,3.0,,,0
24.0,7.775,S,male,3.0,,,0
35.0,7.05,S,male,3.0,,,0
5.0,31.3875,S,male,3.0,,,0
9.0,31.3875,S,male,3.0,,,0
3.0,31.3875,S,male,3.0,,,1
13.0,31.3875,S,male,3.0,,,0
5.0,31.3875,S,female,3.0,,,1
40.0,31.3875,S,male,3.0,142.0,,0
23.0,7.7958,S,male,3.0,,,1
38.0,31.3875,S,female,3.0,,,1
45.0,7.225,C,female,3.0,,,1
21.0,7.225,C,male,3.0,,,0
23.0,7.05,S,male,3.0,,,0
17.0,14.4583,C,female,3.0,,,0
30.0,7.225,C,male,3.0,,,0
23.0,7.8542,S,male,3.0,,,0
13.0,7.2292,C,female,3.0,,,1
20.0,7.225,C,male,3.0,,,0
32.0,15.85,S,male,3.0,,,0
33.0,15.85,S,female,3.0,,,1
0.75,19.2583,C,female,3.0,,,1
0.75,19.2583,C,female,3.0,,,1
5.0,19.2583,C,female,3.0,,,1
24.0,19.2583,C,female,3.0,,,1
18.0,8.05,S,female,3.0,,,1
40.0,7.225,C,male,3.0,,,0
26.0,7.8958,S,male,3.0,,,0
20.0,7.2292,C,male,3.0,,,1
18.0,14.4542,C,female,3.0,,,0
45.0,14.4542,C,female,3.0,,,0
27.0,7.8792,Q,female,3.0,,,0
22.0,8.05,S,male,3.0,,,0
19.0,8.05,S,male,3.0,,,0
26.0,7.775,S,male,3.0,,,0
22.0,9.35,S,male,3.0,,,0
,7.2292,C,male,3.0,,,0
20.0,4.0125,C,male,3.0,,,0
32.0,56.4958,S,male,3.0,,,1
21.0,7.775,S,male,3.0,,,0
18.0,7.75,S,male,3.0,,,0
26.0,7.8958,S,male,3.0,,,0
6.0,15.2458,C,male,3.0,,,0
9.0,15.2458,C,female,3.0,,,0
,7.225,C,male,3.0,,,0
,15.2458,C,female,3.0,,,0
,7.75,Q,female,3.0,,,0
40.0,15.5,Q,male,3.0,,,0
32.0,15.5,Q,female,3.0,,,0
21.0,16.1,S,male,3.0,,,0
22.0,7.725,Q,female,3.0,,,1
20.0,7.8542,S,female,3.0,,,0
29.0,7.0458,S,male,3.0,,,0
22.0,7.25,S,male,3.0,,,0
22.0,7.7958,S,male,3.0,,,0
35.0,8.05,S,male,3.0,,,0
18.5,7.2833,Q,female,3.0,299.0,,0
21.0,7.8208,Q,male,3.0,,,1
19.0,6.75,Q,male,3.0,,,0
18.0,7.8792,Q,female,3.0,,,0
21.0,8.6625,S,female,3.0,,,0
30.0,8.6625,S,female,3.0,,,0
18.0,8.6625,S,male,3.0,,,0
38.0,8.6625,S,male,3.0,,,0
17.0,8.6625,S,male,3.0,,,0
17.0,8.6625,S,male,3.0,,,0
21.0,7.75,Q,female,3.0,,,0
21.0,7.75,Q,male,3.0,,,0
21.0,8.05,S,male,3.0,,,0
,14.4583,C,male,3.0,,,0
,14.4583,C,female,3.0,,,0
28.0,7.7958,S,male,3.0,,,0
24.0,7.8542,S,male,3.0,,,0
16.0,7.75,Q,female,3.0,,,1
37.0,7.75,Q,female,3.0,,,0
28.0,7.25,S,male,3.0,,,0
24.0,8.05,S,male,3.0,,,0
21.0,7.7333,Q,male,3.0,,,0
32.0,56.4958,S,male,3.0,,,1
29.0,8.05,S,male,3.0,,,0
26.0,14.4542,C,male,3.0,,,0
18.0,14.4542,C,male,3.0,,,0
20.0,7.05,S,male,3.0,,,0
18.0,8.05,S,male,3.0,,,1
24.0,7.25,Q,male,3.0,,,0
36.0,7.4958,S,male,3.0,,,0
24.0,7.4958,S,male,3.0,,,0
31.0,7.7333,Q,male,3.0,,,0
31.0,7.75,Q,male,3.0,,,0
22.0,7.75,Q,female,3.0,,,1
30.0,7.6292,Q,female,3.0,,,0
70.5,7.75,Q,male,3.0,171.0,,0
43.0,8.05,S,male,3.0,,,0
35.0,7.8958,S,male,3.0,,,0
27.0,7.8958,S,male,3.0,,,0
19.0,7.8958,S,male,3.0,,,0
30.0,8.05,S,male,3.0,,,0
9.0,15.9,S,male,3.0,,,1
3.0,15.9,S,male,3.0,,,1
36.0,15.9,S,female,3.0,,,1
59.0,7.25,S,male,3.0,,,0
19.0,8.1583,S,male,3.0,,,0
17.0,16.1,S,female,3.0,,,1
44.0,16.1,S,male,3.0,,,0
17.0,8.6625,S,male,3.0,,,0
22.5,7.225,C,male,3.0,9.0,,0
45.0,8.05,S,male,3.0,,,1
22.0,10.5167,S,female,3.0,,,0
19.0,10.1708,S,male,3.0,,,0
30.0,6.95,Q,female,3.0,,,1
29.0,7.75,Q,male,3.0,,,1
0.3333,14.4,S,male,3.0,,,0
34.0,14.4,S,male,3.0,197.0,,0
28.0,14.4,S,female,3.0,,,0
27.0,7.8958,S,male,3.0,,,0
25.0,7.8958,S,male,3.0,,,0
24.0,24.15,S,male,3.0,,,0
22.0,8.05,S,male,3.0,,,0
21.0,24.15,S,male,3.0,,,0
17.0,8.05,S,male,3.0,,,0
,16.1,S,male,3.0,,,0
,16.1,S,female,3.0,,,1
36.5,17.4,S,male,3.0,,,1
36.0,17.4,S,female,3.0,,,1
30.0,9.5,S,male,3.0,,,1
16.0,9.5,S,male,3.0,,,0
1.0,20.575,S,male,3.0,,,1
0.1667,20.575,S,female,3.0,,,1
26.0,20.575,S,male,3.0,,,0
33.0,20.575,S,female,3.0,,,1
25.0,7.8958,S,male,3.0,,,0
,7.8958,S,male,3.0,,,0
,7.8958,S,male,3.0,,,0
22.0,7.25,S,male,3.0,,,0
36.0,7.25,S,male,3.0,,,0
19.0,7.8792,Q,female,3.0,,,1
17.0,7.8958,S,male,3.0,,,0
42.0,8.6625,S,male,3.0,,,0
43.0,7.8958,S,male,3.0,,,0
,7.2292,C,male,3.0,,,0
32.0,7.75,Q,male,3.0,,,0
19.0,8.05,S,male,3.0,,,1
30.0,12.475,S,female,3.0,,,1
24.0,7.75,Q,female,3.0,,,0
23.0,8.05,S,female,3.0,,,1
33.0,7.8958,C,male,3.0,51.0,,0
65.0,7.75,Q,male,3.0,,,0
24.0,7.55,S,male,3.0,,,1
23.0,13.9,S,male,3.0,,,0
22.0,13.9,S,female,3.0,,,1
18.0,7.775,S,male,3.0,,,0
16.0,7.775,S,male,3.0,,,0
45.0,6.975,S,male,3.0,,,0
,7.225,C,male,3.0,,,0
39.0,7.2292,C,male,3.0,,,0
17.0,7.2292,C,male,3.0,,,0
15.0,7.2292,C,male,3.0,,,0
47.0,7.25,S,male,3.0,,,0
5.0,12.475,S,female,3.0,,,1
,7.225,C,male,3.0,,,0
40.5,15.1,S,male,3.0,187.0,,0
40.5,7.75,Q,male,3.0,68.0,,0
,7.05,S,male,3.0,,,1
18.0,7.7958,S,male,3.0,,,0
,7.75,Q,female,3.0,,,0
,7.75,Q,male,3.0,,,0
,6.95,Q,male,3.0,,,0
26.0,7.8792,Q,male,3.0,,,0
,7.75,Q,male,3.0,,,0
,56.4958,S,male,3.0,,,1
21.0,34.375,S,female,3.0,,,0
9.0,34.375,S,female,3.0,,,0
,8.05,S,male,3.0,,,0
18.0,34.375,S,male,3.0,,,0
16.0,34.375,S,male,3.0,,,0
48.0,34.375,S,female,3.0,,,0
,7.75,Q,male,3.0,,,0
,7.25,S,male,3.0,,,0
25.0,7.7417,Q,male,3.0,,,0
,14.5,S,male,3.0,,,0
,7.8958,C,male,3.0,,,0
22.0,8.05,S,male,3.0,47.0,,0
16.0,7.7333,Q,female,3.0,,,1
,7.75,Q,female,3.0,,,1
9.0,20.525,S,male,3.0,,,1
33.0,20.525,S,male,3.0,,,0
41.0,7.85,S,male,3.0,,,0
31.0,20.525,S,female,3.0,,,1
38.0,7.05,S,male,3.0,,,0
9.0,46.9,S,male,3.0,,,0
1.0,46.9,S,male,3.0,,,0
11.0,46.9,S,male,3.0,,,0
10.0,46.9,S,female,3.0,,,0
16.0,46.9,S,female,3.0,,,0
14.0,46.9,S,male,3.0,,,0
40.0,46.9,S,male,3.0,,,0
43.0,46.9,S,female,3.0,,,0
51.0,8.05,S,male,3.0,,,0
32.0,8.3625,S,male,3.0,,,0
,8.05,S,male,3.0,,,0
20.0,9.8458,S,male,3.0,,,0
37.0,7.925,S,male,3.0,98.0,,0
28.0,7.925,S,male,3.0,,,0
19.0,7.775,S,male,3.0,,,0
24.0,8.85,S,female,3.0,,,0
17.0,7.7333,Q,female,3.0,,,0
,19.9667,S,male,3.0,,,0
,19.9667,S,male,3.0,,,0
28.0,15.85,S,male,3.0,,,0
24.0,15.85,S,female,3.0,,,1
20.0,9.5,S,male,3.0,,,0
23.5,7.2292,C,male,3.0,188.0,,0
41.0,14.1083,S,male,3.0,,,0
26.0,7.8542,S,male,3.0,,,0
21.0,7.8542,S,male,3.0,69.0,,0
45.0,14.1083,S,female,3.0,,,1
,7.55,S,female,3.0,,,0
25.0,7.25,S,male,3.0,,,0
,6.8583,Q,male,3.0,,,0
11.0,18.7875,C,male,3.0,,,0
,7.75,Q,female,3.0,,,1
27.0,6.975,S,male,3.0,,,1
,56.4958,S,male,3.0,,,1
18.0,6.75,Q,female,3.0,,,0
26.0,7.925,S,female,3.0,,,1
23.0,7.925,S,female,3.0,,,0
22.0,8.9625,S,female,3.0,,,1
28.0,7.8958,S,male,3.0,306.0,,0
28.0,7.775,S,female,3.0,,,0
,7.75,Q,female,3.0,,,0
2.0,12.2875,S,female,3.0,,,1
22.0,12.2875,S,female,3.0,,,1
43.0,6.45,S,male,3.0,,,0
28.0,22.525,S,male,3.0,,,0
27.0,7.925,S,female,3.0,,,1
,7.75,Q,male,3.0,,,0
,8.05,S,female,3.0,,,1
42.0,7.65,S,male,3.0,120.0,F G63,0
,7.8875,S,male,3.0,,,1
30.0,7.2292,C,male,3.0,,,0
,7.8958,S,male,3.0,,,0
27.0,7.925,S,female,3.0,,,0
25.0,7.925,S,female,3.0,,,0
,7.8958,S,male,3.0,,,0
29.0,7.8958,C,male,3.0,,,1
21.0,7.7958,S,male,3.0,,,1
,7.05,S,male,3.0,,,0
20.0,7.8542,S,male,3.0,,,0
48.0,7.8542,S,male,3.0,,,0
17.0,7.0542,S,male,3.0,,,0
,7.75,Q,female,3.0,,,1
,8.1125,S,male,3.0,,,1
34.0,6.4958,S,male,3.0,143.0,,0
26.0,7.775,S,male,3.0,,,1
22.0,7.7958,S,male,3.0,156.0,,0
33.0,8.6542,S,male,3.0,285.0,,0
31.0,7.775,S,male,3.0,,,0
29.0,7.8542,S,male,3.0,,,0
4.0,11.1333,S,male,3.0,,,1
1.0,11.1333,S,female,3.0,,,1
49.0,0.0,S,male,3.0,,,0
33.0,7.775,S,male,3.0,37.0,,0
19.0,0.0,S,male,3.0,,,0
27.0,11.1333,S,female,3.0,,,1
,23.45,S,male,3.0,,,0
,23.45,S,female,3.0,,,0
,23.45,S,male,3.0,,,0
,23.45,S,female,3.0,,,0
23.0,7.8958,S,male,3.0,,,0
32.0,7.8542,S,male,3.0,,,1
27.0,7.8542,S,male,3.0,,,0
20.0,9.825,S,female,3.0,,,0
21.0,9.825,S,female,3.0,,,0
32.0,7.925,S,male,3.0,,,1
17.0,7.125,S,male,3.0,,,0
21.0,8.4333,S,male,3.0,,,0
30.0,7.8958,S,male,3.0,,,0
21.0,7.7958,S,male,3.0,,,1
33.0,7.8542,S,male,3.0,,,0
22.0,7.5208,S,male,3.0,,,0
4.0,13.4167,C,female,3.0,,,1
39.0,13.4167,C,male,3.0,,,1
,7.2292,C,male,3.0,,,0
18.5,7.2292,C,male,3.0,58.0,,0
,7.75,Q,male,3.0,,,0
,7.25,S,male,3.0,,,0
,7.75,Q,female,3.0,,,1
,7.75,Q,female,3.0,,,1
34.5,7.8292,Q,male,3.0,70.0,,0
44.0,8.05,S,male,3.0,,,0
,7.75,Q,male,3.0,,,1
,14.4542,C,male,3.0,,,0
,14.4542,C,female,3.0,,,0
,7.75,Q,male,3.0,,,0
,7.75,Q,male,3.0,,,0
,7.7375,Q,male,3.0,,,0
22.0,8.6625,S,female,3.0,,,0
26.0,8.6625,S,male,3.0,,,0
4.0,22.025,S,female,3.0,,,1
29.0,22.025,S,male,3.0,,,1
26.0,22.025,S,female,3.0,,,1
1.0,12.1833,S,female,3.0,,,0
18.0,7.8542,S,male,3.0,,,0
36.0,12.1833,S,female,3.0,,,0
,7.8958,C,male,3.0,,,0
25.0,7.2292,C,male,3.0,,F E57,1
,7.225,C,male,3.0,,,0
37.0,9.5875,S,female,3.0,,,0
,7.8958,S,male,3.0,,,0
,56.4958,S,male,3.0,,,1
,56.4958,S,male,3.0,,,0
22.0,7.25,S,female,3.0,,,1
,7.75,Q,male,3.0,,,0
26.0,56.4958,S,male,3.0,,,1
29.0,9.4833,S,male,3.0,,,0
29.0,7.775,S,male,3.0,,,0
22.0,7.775,S,male,3.0,,,0
22.0,7.225,C,male,3.0,,,1
,25.4667,S,male,3.0,,,0
,25.4667,S,female,3.0,,,0
,25.4667,S,female,3.0,,,0
,25.4667,S,female,3.0,,,0
,25.4667,S,female,3.0,,,0
32.0,7.925,S,male,3.0,,,0
34.5,6.4375,C,male,3.0,196.0,,0
,15.5,Q,female,3.0,,,0
,15.5,Q,male,3.0,,,0
36.0,0.0,S,male,3.0,,,0
39.0,24.15,S,male,3.0,,,0
24.0,9.5,S,male,3.0,,,0
25.0,7.775,S,female,3.0,,,0
45.0,7.75,S,female,3.0,,,0
36.0,15.55,S,male,3.0,,,0
30.0,15.55,S,female,3.0,,,0
20.0,7.925,S,male,3.0,,,1
,7.8792,Q,male,3.0,,,0
28.0,56.4958,S,male,3.0,,,0
,7.55,S,male,3.0,,,0
30.0,16.1,S,male,3.0,,,0
26.0,16.1,S,female,3.0,,,0
,7.8792,S,male,3.0,153.0,,0
20.5,7.25,S,male,3.0,,,0
27.0,8.6625,S,male,3.0,,,1
51.0,7.0542,S,male,3.0,,,0
23.0,7.8542,S,female,3.0,,,1
32.0,7.5792,S,male,3.0,,,1
,7.8958,S,male,3.0,,,0
,7.55,S,male,3.0,,,0
,7.75,Q,female,3.0,,,1
24.0,7.1417,S,male,3.0,,,1
22.0,7.125,S,male,3.0,,,0
,7.8792,Q,female,3.0,,,0
,7.75,Q,male,3.0,,,0
,8.05,S,male,3.0,,,0
29.0,7.925,S,male,3.0,,,0
,7.2292,C,male,3.0,,,1
30.5,7.75,Q,female,3.0,61.0,,0
,7.7375,Q,female,3.0,,,1
,7.2292,C,male,3.0,,F E46,0
35.0,7.8958,C,male,3.0,,,0
33.0,7.8958,S,male,3.0,,,0
,7.225,C,female,3.0,,,1
,7.8958,C,male,3.0,,,0
,7.75,Q,female,3.0,,,1
,7.75,Q,male,3.0,,,1
,23.25,Q,female,3.0,,,1
,23.25,Q,female,3.0,,,1
,23.25,Q,male,3.0,,,1
,7.7875,Q,female,3.0,,,1
,15.5,Q,male,3.0,,,0
,7.8792,Q,female,3.0,,,1
15.0,8.0292,Q,female,3.0,,,1
35.0,7.75,Q,female,3.0,,,0
,7.75,Q,male,3.0,,,0
24.0,16.1,S,male,3.0,,,0
19.0,16.1,S,female,3.0,53.0,,0
,7.75,Q,female,3.0,,,0
,8.05,S,female,3.0,,,0
,8.05,S,female,3.0,,,0
55.5,8.05,S,male,3.0,201.0,,0
,7.75,Q,male,3.0,,,0
21.0,7.775,S,male,3.0,,,1
,8.05,S,male,3.0,,,0
24.0,7.8958,S,male,3.0,,,0
21.0,7.8958,S,male,3.0,,,0
28.0,7.8958,S,male,3.0,,,0
,7.8958,S,male,3.0,,,0
,7.8792,Q,female,3.0,,,1
25.0,7.65,S,male,3.0,309.0,F G73,0
6.0,12.475,S,male,3.0,,E121,1
27.0,12.475,S,female,3.0,,E121,1
,8.05,S,male,3.0,,,0
,24.15,Q,female,3.0,,,1
,24.15,Q,male,3.0,,,0
,8.4583,Q,male,3.0,,,0
34.0,8.05,S,male,3.0,,,0
,7.75,Q,male,3.0,,,0
,7.775,S,male,3.0,,,1
,15.2458,C,male,3.0,,,1
,15.2458,C,male,3.0,,,1
,15.2458,C,female,3.0,,,1
,7.2292,C,female,3.0,,,1
,8.05,S,male,3.0,,,0
,7.7333,Q,female,3.0,,,1
24.0,7.75,Q,female,3.0,,,1
,8.05,S,male,3.0,,,0
,15.5,Q,female,3.0,,,1
,15.5,Q,female,3.0,,,1
,15.5,Q,female,3.0,,,1
18.0,7.75,S,male,3.0,,,0
22.0,7.8958,S,male,3.0,,,0
15.0,7.225,C,female,3.0,,,1
1.0,15.7417,C,female,3.0,,,1
20.0,15.7417,C,male,3.0,,,1
19.0,15.7417,C,female,3.0,,,1
33.0,8.05,S,male,3.0,,,0
,7.8958,S,male,3.0,,,0
,7.2292,C,male,3.0,,,0
,7.75,Q,female,3.0,,,0
,7.8958,S,male,3.0,,,0
12.0,11.2417,C,male,3.0,,,1
14.0,11.2417,C,female,3.0,,,1
29.0,7.925,S,female,3.0,,,0
28.0,8.05,S,male,3.0,,,0
18.0,7.775,S,female,3.0,,,1
26.0,7.8542,S,female,3.0,,,1
21.0,7.8542,S,male,3.0,,,0
41.0,7.125,S,male,3.0,,,0
39.0,7.925,S,male,3.0,,,1
21.0,7.8,S,male,3.0,,,0
28.5,7.2292,C,male,3.0,181.0,,0
22.0,7.75,S,female,3.0,,,1
61.0,6.2375,S,male,3.0,,,0
,15.5,Q,male,3.0,,,0
,7.8292,Q,male,3.0,,,0
,15.5,Q,female,3.0,,,1
,7.7333,Q,male,3.0,,,0
,7.75,Q,male,3.0,,,0
,7.75,Q,male,3.0,,,0
23.0,9.225,S,male,3.0,,,0
,7.75,Q,female,3.0,,,0
,7.75,Q,female,3.0,,,1
,7.8792,Q,female,3.0,,,1
22.0,7.775,S,female,3.0,,,1
,7.75,Q,male,3.0,,,1
,7.8292,Q,female,3.0,,,1
9.0,3.1708,S,male,3.0,,,1
28.0,22.525,S,male,3.0,173.0,,0
42.0,8.4042,S,male,3.0,,,0
,7.3125,S,male,3.0,,,0
31.0,7.8542,S,female,3.0,,,0
28.0,7.8542,S,male,3.0,,,0
32.0,7.775,S,male,3.0,,,1
20.0,9.225,S,male,3.0,89.0,,0
23.0,8.6625,S,female,3.0,,,0
20.0,8.6625,S,female,3.0,,,0
20.0,8.6625,S,male,3.0,,,0
16.0,9.2167,S,male,3.0,,,0
31.0,8.6833,S,female,3.0,,,1
,7.6292,Q,female,3.0,,,0
2.0,21.075,S,male,3.0,4.0,,0
6.0,21.075,S,male,3.0,,,0
3.0,21.075,S,female,3.0,,,0
8.0,21.075,S,female,3.0,,,0
29.0,21.075,S,female,3.0,206.0,,0
1.0,39.6875,S,male,3.0,,,0
7.0,39.6875,S,male,3.0,,,0
2.0,39.6875,S,male,3.0,,,0
16.0,39.6875,S,male,3.0,,,0
14.0,39.6875,S,male,3.0,,,0
41.0,39.6875,S,female,3.0,,,0
21.0,8.6625,S,male,3.0,,,0
19.0,14.5,S,male,3.0,,,0
,8.7125,C,male,3.0,,,0
32.0,7.8958,S,male,3.0,,,0
0.75,13.775,S,male,3.0,,,0
3.0,13.775,S,female,3.0,,,0
26.0,13.775,S,female,3.0,,,0
,7.0,S,male,3.0,,,0
,7.775,S,male,3.0,,,0
,8.05,S,male,3.0,,,0
21.0,7.925,S,male,3.0,,,0
25.0,7.925,S,male,3.0,,,0
22.0,7.25,S,male,3.0,,,0
25.0,7.775,S,male,3.0,,,1
,22.3583,C,male,3.0,,,1
,22.3583,C,female,3.0,,F E69,1
,22.3583,C,female,3.0,,,1
,8.1375,Q,female,3.0,,,0
24.0,8.05,S,male,3.0,,,0
28.0,7.8958,S,female,3.0,,,0
19.0,7.8958,S,male,3.0,,,0
,7.8958,S,male,3.0,,,0
25.0,7.775,S,male,3.0,,,0
18.0,7.775,S,female,3.0,,,0
32.0,8.05,S,male,3.0,,E10,1
,7.8958,S,male,3.0,,,0
17.0,8.6625,S,male,3.0,,,0
24.0,8.6625,S,male,3.0,,,0
,7.8958,S,male,3.0,,,0
,8.1125,S,female,3.0,,,0
,7.2292,C,male,3.0,,,0
,7.25,S,male,3.0,,,0
38.0,7.8958,S,male,3.0,,,0
21.0,8.05,S,male,3.0,,,0
10.0,29.125,Q,male,3.0,,,0
4.0,29.125,Q,male,3.0,,,0
7.0,29.125,Q,male,3.0,,,0
2.0,29.125,Q,male,3.0,,,0
8.0,29.125,Q,male,3.0,,,0
39.0,29.125,Q,female,3.0,327.0,,0
22.0,39.6875,S,female,3.0,,,0
35.0,7.125,S,male,3.0,,,0
,7.7208,Q,female,3.0,,,1
,14.5,S,male,3.0,,,0
,14.5,S,female,3.0,,,0
50.0,14.5,S,male,3.0,119.0,,0
47.0,14.5,S,female,3.0,7.0,,0
,8.05,S,male,3.0,,,0
,7.775,S,male,3.0,,,0
2.0,20.2125,S,female,3.0,,,0
18.0,20.2125,S,male,3.0,,,0
41.0,20.2125,S,female,3.0,,,0
,8.05,S,female,3.0,,,1
50.0,8.05,S,male,3.0,,,0
16.0,8.05,S,male,3.0,,,0
,7.75,Q,male,3.0,,,1
,24.15,Q,male,3.0,,,0
,7.2292,C,male,3.0,,,0
25.0,7.225,C,male,3.0,,,0
,7.225,C,male,3.0,,,0
,7.7292,Q,male,3.0,,,0
,7.575,S,male,3.0,,,0
38.5,7.25,S,male,3.0,32.0,,0
,69.55,S,male,3.0,,,0
14.5,69.55,S,male,3.0,67.0,,0
,69.55,S,female,3.0,,,0
,69.55,S,female,3.0,,,0
,69.55,S,female,3.0,,,0
,69.55,S,female,3.0,,,0
,69.55,S,male,3.0,,,0
,69.55,S,male,3.0,,,0
,69.55,S,male,3.0,,,0
,69.55,S,male,3.0,,,0
,69.55,S,female,3.0,,,0
24.0,9.325,S,male,3.0,,,0
21.0,7.65,S,female,3.0,,,1
39.0,7.925,S,male,3.0,,,0
,21.6792,C,male,3.0,,,0
,21.6792,C,male,3.0,,,0
,21.6792,C,male,3.0,,,0
1.0,16.7,S,female,3.0,,G6,1
24.0,16.7,S,female,3.0,,G6,1
4.0,16.7,S,female,3.0,,G6,1
25.0,9.5,S,male,3.0,,,1
20.0,8.05,S,male,3.0,,,0
24.5,8.05,S,male,3.0,284.0,,0
,7.725,Q,male,3.0,,,0
,7.8958,S,male,3.0,,,0
,7.75,Q,male,3.0,,,0
29.0,9.5,S,male,3.0,,,1
,15.1,S,male,3.0,,,0
,7.7792,Q,female,3.0,,,1
,8.05,S,male,3.0,,,0
,8.05,S,male,3.0,,,0
22.0,7.2292,C,male,3.0,,,0
,8.05,S,male,3.0,,,0
40.0,7.8958,S,male,3.0,,,0
21.0,7.925,S,male,3.0,,,0
18.0,7.4958,S,female,3.0,,,1
4.0,27.9,S,male,3.0,,,0
10.0,27.9,S,male,3.0,,,0
9.0,27.9,S,female,3.0,,,0
2.0,27.9,S,female,3.0,,,0
40.0,27.9,S,male,3.0,,,0
45.0,27.9,S,female,3.0,,,0
,7.8958,S,male,3.0,,,0
,8.05,S,male,3.0,,,0
,8.6625,S,male,3.0,,,0
,7.75,Q,male,3.0,,,0
,7.7333,Q,female,3.0,,,1
19.0,7.65,S,male,3.0,,F G73,0
30.0,8.05,S,male,3.0,,,0
,8.05,S,male,3.0,,,0
32.0,8.05,S,male,3.0,,,0
,7.8958,S,male,3.0,,,0
33.0,8.6625,C,male,3.0,,,0
23.0,7.55,S,female,3.0,,,1
21.0,8.05,S,male,3.0,,,0
60.5,,S,male,3.0,261.0,,0
19.0,7.8958,S,male,3.0,,,0
22.0,9.8375,S,female,3.0,,,0
31.0,7.925,S,male,3.0,,,1
27.0,8.6625,S,male,3.0,,,0
2.0,10.4625,S,female,3.0,,G6,0
29.0,10.4625,S,female,3.0,,G6,0
16.0,8.05,S,male,3.0,,,1
44.0,7.925,S,male,3.0,,,1
25.0,7.05,S,male,3.0,,,0
74.0,7.775,S,male,3.0,,,0
14.0,9.225,S,male,3.0,,,1
24.0,7.7958,S,male,3.0,,,0
25.0,7.7958,S,male,3.0,,,1
34.0,8.05,S,male,3.0,176.0,,0
0.4167,8.5167,C,male,3.0,,,1
,6.4375,C,male,3.0,,,0
,6.4375,C,male,3.0,,,0
,7.225,C,male,3.0,,,0
16.0,8.5167,C,female,3.0,,,1
,8.05,S,male,3.0,,,0
,16.1,S,male,3.0,,,0
,16.1,S,female,3.0,,,1
32.0,7.925,S,male,3.0,,,0
,7.75,Q,male,3.0,,F38,0
,7.8958,S,male,3.0,,,0
30.5,8.05,S,male,3.0,50.0,,0
44.0,8.05,S,male,3.0,,,0
,7.2292,C,male,3.0,,,0
25.0,0.0,S,male,3.0,,,1
,7.2292,C,male,3.0,,,0
7.0,15.2458,C,male,3.0,,,1
9.0,15.2458,C,female,3.0,,,1
29.0,15.2458,C,female,3.0,,,1
36.0,7.8958,S,male,3.0,,,0
18.0,9.8417,S,female,3.0,,,1
63.0,9.5875,S,female,3.0,,,1
,14.5,S,male,3.0,,,0
11.5,14.5,S,male,3.0,1.0,,0
40.5,14.5,S,male,3.0,255.0,,0
10.0,24.15,S,female,3.0,,,0
36.0,24.15,S,male,3.0,,,0
30.0,24.15,S,female,3.0,,,0
,9.5,S,male,3.0,,,0
33.0,9.5,S,male,3.0,,,0
28.0,9.5,S,male,3.0,,,0
28.0,9.5,S,male,3.0,,,0
47.0,9.0,S,male,3.0,,,0
18.0,18.0,S,female,3.0,,,0
31.0,18.0,S,male,3.0,,,0
16.0,18.0,S,male,3.0,,,0
31.0,18.0,S,female,3.0,,,0
22.0,7.225,C,male,3.0,,,1
20.0,7.8542,S,male,3.0,,,0
14.0,7.8542,S,female,3.0,,,0
22.0,7.8958,S,male,3.0,,,0
22.0,9.0,S,male,3.0,,,0
,8.05,S,male,3.0,,,0
,7.55,S,male,3.0,,,0
,8.05,S,male,3.0,,,0
32.5,9.5,S,male,3.0,298.0,,0
38.0,7.2292,C,female,3.0,,,1
51.0,7.75,S,male,3.0,,,0
18.0,6.4958,S,male,3.0,314.0,,0
21.0,6.4958,S,male,3.0,,,0
47.0,7.0,S,female,3.0,,,1
,8.7125,S,male,3.0,,,0
,7.55,S,male,3.0,,,0
,8.05,S,male,3.0,,,0
28.5,16.1,S,male,3.0,14.0,,0
21.0,7.25,S,male,3.0,,,0
27.0,8.6625,S,male,3.0,131.0,,0
,7.25,S,male,3.0,,,0
36.0,9.5,S,male,3.0,,,0
27.0,14.4542,C,male,3.0,,,0
15.0,14.4542,C,female,3.0,,,1
45.5,7.225,C,male,3.0,312.0,,0
,7.225,C,male,3.0,,,0
,14.4583,C,male,3.0,,,0
14.5,14.4542,C,female,3.0,328.0,,0
,14.4542,C,female,3.0,,,0
26.5,7.225,C,male,3.0,304.0,,0
27.0,7.225,C,male,3.0,,,0
29.0,7.875,S,male,3.0,,,0
